energy,liveness,tempo,speechiness,acousticness,instrumentalness,time_signature,danceability,key,duration_ms,loudness,valence,mode,type,uri
0.941,0.23,96.886,0.0858,0.000481,0.0,4,0.506,7,212080,-5.004,0.308,0,audio_features,spotify:track:4zYTOBlMea1zloAJzTnxlS
0.998,0.292,110.442,0.24,0.0016,0.053,4,0.443,1,166773,-4.07,0.0415,1,audio_features,spotify:track:4oxigLyUxXUmskduZPzaDG
0.989,0.318,119.943,0.163,0.000187,0.106,4,0.516,1,238053,-4.527,0.0737,1,audio_features,spotify:track:5uq5yjBJzneReMpKTJDWLw
0.86,0.259,128.033,0.0609,0.000208,9.02e-06,4,0.573,4,288773,-3.708,0.616,0,audio_features,spotify:track:4okxtHbJHA8t1Hbojj9xr3
0.981,0.159,154.975,0.258,4.52e-05,0.869,4,0.33,11,281160,-5.012,0.0394,1,audio_features,spotify:track:0Jt0CJbsg3qBqoUl8rYeNm
0.976,0.144,142.63,0.23,0.0002,2.13e-06,3,0.332,3,186933,-4.375,0.0847,0,audio_features,spotify:track:0N10gGHn8GYH8QYyFFnqRa
0.983,0.323,154.765,0.193,1.69e-05,2.31e-05,4,0.292,10,207733,-4.156,0.0378,1,audio_features,spotify:track:090jDNgdEVQEv4AsUANKSK
0.721,0.166,115.036,0.0556,0.00459,0.862,3,0.274,7,506763,-8.281,0.0383,1,audio_features,spotify:track:4COR2ZPEyUn0lsbAouRWxA
0.846,0.302,168.466,0.053,0.000981,0.0,3,0.273,2,189770,-4.16,0.574,1,audio_features,spotify:track:3FOxQ6UYJOmJ1ynG17lw8V
0.693,0.234,132.861,0.121,0.000288,0.126,4,0.315,6,220520,-5.955,0.462,1,audio_features,spotify:track:266sqFCEJ4Yx9CX6ppUgVW
0.985,0.112,145.121,0.226,0.000219,0.0,4,0.454,6,212947,-4.792,0.178,1,audio_features,spotify:track:2lxdChJ10PPvAbtDSEukZP
0.961,0.17,175.122,0.0591,2.08e-05,0.21,4,0.408,8,252760,-5.54,0.346,1,audio_features,spotify:track:0C24pXCtlYHY3Dibw1CCIK
0.969,0.074,139.255,0.093,0.000175,0.022,4,0.325,5,189878,-3.481,0.316,1,audio_features,spotify:track:3n3FKYskxltScdqTn6CJem
0.836,0.0256,139.945,0.0809,8.66e-06,0.461,4,0.497,6,230298,-4.849,0.47,1,audio_features,spotify:track:5LOEyiFjmrvdnERadH4PkW
0.983,0.183,179.906,0.149,0.000511,0.0,3,0.33,3,216581,-3.494,0.405,0,audio_features,spotify:track:5Q95r4NzE20g8RR4KxOdPh
0.987,0.203,134.968,0.143,1.97e-05,0.00615,4,0.418,1,257107,-2.982,0.258,0,audio_features,spotify:track:1b4KiV34TkjJzl6CIdD25E
0.918,0.102,123.02,0.0842,0.0206,0.000139,4,0.547,11,264390,-3.99,0.522,0,audio_features,spotify:track:1ihPzBSgs9MjgrtblFoiq6
0.932,0.21,141.996,0.0773,0.00152,0.00462,4,0.44,3,362387,-7.501,0.308,0,audio_features,spotify:track:3onoNByv0GAAwzuxEkHFFZ
0.946,0.134,133.802,0.068,1.77e-05,0.0844,4,0.465,9,241147,-4.205,0.338,1,audio_features,spotify:track:1wYXIhJXqlIAGS6sbzpTL6
0.716,0.474,167.033,0.0401,9.23e-06,0.0113,4,0.408,4,206439,-6.129,0.46,0,audio_features,spotify:track:3YwQ4SKv3v1tFwL33TRgpU
0.652,0.164,118.042,0.0324,0.00361,5.63e-06,4,0.428,2,269080,-3.492,0.283,1,audio_features,spotify:track:0AT2V9JRgXz5NK3P6O2pZp
0.975,0.139,83.827,0.488,0.00114,0.0222,5,0.109,8,293242,-5.058,0.0389,1,audio_features,spotify:track:436c1dOCTqHKQbgp4MEwVA
0.982,0.189,137.995,0.12,0.00793,0.0,4,0.597,10,191138,-3.165,0.651,0,audio_features,spotify:track:3rY98pNrVY2OOacnbxbI0E
0.894,0.322,179.499,0.0657,1.09e-05,4.08e-05,4,0.247,2,183418,-2.563,0.385,0,audio_features,spotify:track:1tOXCeXpDMuDLNHMmmFXTU
0.827,0.0766,115.864,0.0454,0.000225,1.3e-05,4,0.533,5,242184,-4.693,0.24,1,audio_features,spotify:track:77O75UxCuHqfK9uiQDoEYb
0.826,0.0703,139.163,0.0644,0.000621,0.000669,4,0.315,7,256072,-4.315,0.359,0,audio_features,spotify:track:2kFKIFc5RSTlhuGed6ZNZ7
0.928,0.293,139.958,0.0678,8.24e-06,0.00255,4,0.28,2,379747,-4.609,0.0891,1,audio_features,spotify:track:4I5NcGVjREt60IThG2GGu9
0.939,0.055,163.994,0.0666,6.29e-05,0.00441,4,0.49,9,332360,-4.645,0.206,0,audio_features,spotify:track:32snItNwFIFYVlDPQqC8yM
0.943,0.326,129.16,0.137,0.000218,0.203,4,0.265,11,363933,-5.653,0.174,0,audio_features,spotify:track:3NYoc97ULcplGlU2CEV9AG
0.885,0.0837,78.088,0.0859,0.000156,0.0787,4,0.197,1,931027,-6.785,0.154,0,audio_features,spotify:track:3cOwY51dJsHidrMFs3hczR
0.82,0.137,112.043,0.0464,4.61e-06,0.0315,3,0.384,1,282520,-5.676,0.313,1,audio_features,spotify:track:0vQDhuk73PvmaloRibUiQr
0.844,0.723,113.989,0.0461,3.28e-06,0.0514,4,0.44,10,237907,-3.315,0.304,1,audio_features,spotify:track:2O2ii9OPZYh1NBXo9FtE0Y
0.989,0.119,95.002,0.141,6.32e-05,0.0,4,0.513,4,198080,-3.771,0.136,0,audio_features,spotify:track:5C8IhksvjGqgamzSZGKZw3
0.994,0.33,116.044,0.161,1.22e-05,6.24e-05,4,0.534,11,196333,-3.839,0.336,1,audio_features,spotify:track:3iIqVOBpF1nYvzm84UxiXZ
0.963,0.109,77.013,0.0909,0.00144,0.00111,4,0.467,4,247400,-2.871,0.252,0,audio_features,spotify:track:15qZ8mGSNmqzITIVzCkvqb
0.905,0.181,141.016,0.0836,0.000895,0.218,3,0.352,9,254013,-3.792,0.327,1,audio_features,spotify:track:3yc2Ok7sS5ONzyEhblrMBo
0.959,0.114,180.049,0.0768,0.000208,0.0916,4,0.394,6,205440,-3.52,0.429,1,audio_features,spotify:track:6OiLqyavvFFKOxln5TbpTV
0.633,0.127,114.074,0.0268,0.00136,0.144,4,0.592,8,232667,-6.491,0.163,1,audio_features,spotify:track:4wvuBtCV9Vy6aEcwYrYmCc
0.843,0.0611,154.974,0.0776,0.00281,0.0367,4,0.407,7,340627,-8.43,0.619,0,audio_features,spotify:track:4kL8wGehAFldF9gtWJF1jE
0.947,0.125,120.021,0.122,0.000597,0.00223,4,0.5,7,221974,-5.75,0.267,0,audio_features,spotify:track:67AwhpUrZfSLwK2ekFptmM
0.987,0.669,89.986,0.148,0.00122,0.000279,4,0.552,11,310267,-3.642,0.272,1,audio_features,spotify:track:0QB98b4YFxtW4NQ9narHQM
0.931,0.251,123.03,0.0612,2.93e-05,0.00113,4,0.467,10,244318,-6.438,0.447,1,audio_features,spotify:track:4MYuqU9LuwW0r4iNFXVYEM
0.964,0.215,138.006,0.15,0.000137,0.0,4,0.468,10,189506,-5.144,0.392,0,audio_features,spotify:track:08tiBcNIXLShotCLaXO1GX
0.837,0.179,130.086,0.053,0.00226,2.48e-05,4,0.606,2,217705,-5.913,0.626,0,audio_features,spotify:track:1EZuFDPgDJW6h8ol9ayPfk
0.767,0.109,180.024,0.0548,0.00116,0.000798,4,0.473,5,328387,-6.383,0.375,1,audio_features,spotify:track:7pS3O75hJnthHr64tlpqPn
0.952,0.316,184.916,0.0677,0.000159,3.72e-05,4,0.394,7,315173,-4.51,0.477,0,audio_features,spotify:track:5o8OdhjVZSF2wCj7M8UpMN
0.703,0.142,151.297,0.0348,0.00847,7.39e-05,4,0.286,4,326813,-4.491,0.259,0,audio_features,spotify:track:7Hr1Ignop7cymbE3FbOtXa
0.663,0.0765,135.022,0.0264,0.0886,0.0,4,0.552,4,281227,-4.805,0.119,0,audio_features,spotify:track:1I5RmSqq96UQnjT9EKGMso
0.916,0.154,94.963,0.0501,0.000391,0.00117,3,0.499,9,656493,-4.785,0.251,0,audio_features,spotify:track:53jogSv23P6DFcOHcZrDs9
0.833,0.0327,88.785,0.304,0.0266,0.0,4,0.466,7,313573,-4.215,0.661,1,audio_features,spotify:track:59WN2psjkt1tyaxjspN8fp
0.822,0.0766,105.503,0.0408,0.000185,0.000117,4,0.351,6,318587,-5.337,0.158,1,audio_features,spotify:track:3ztCt91U2wGkDZuzbCwH6H
0.961,0.138,167.032,0.0851,5.53e-05,0.0834,4,0.374,10,200547,-4.421,0.357,0,audio_features,spotify:track:5pvJ59i7JxylN8VB24xdMs
0.568,0.0997,107.849,0.0276,0.00797,0.0,4,0.614,7,293960,-5.477,0.516,0,audio_features,spotify:track:3YuaBvuZqcwN3CEAyyoaei
0.905,0.117,128.019,0.0775,0.000202,0.064,4,0.602,2,304840,-4.046,0.411,1,audio_features,spotify:track:4VqPOruhp5EdPBeR92t6lQ
0.954,0.177,144.553,0.047,0.0021,0.0,4,0.423,7,310347,-3.157,0.5,0,audio_features,spotify:track:3jJZVeExYzVYiV6Y9Fl3DX
0.648,0.112,90.435,0.028,0.0023,1.49e-05,4,0.466,1,229960,-11.101,0.305,0,audio_features,spotify:track:0qgrrDnUUhyxpxbBznUnzg
0.947,0.093,160.023,0.225,1.14e-05,0.0144,4,0.426,0,309307,-4.076,0.336,1,audio_features,spotify:track:2DbEz7cLYTUu48o5D6iCP4
0.855,0.228,130.756,0.0478,0.000543,0.00855,4,0.25,5,255373,-4.143,0.443,1,audio_features,spotify:track:0Jr8JBSt4ipAy2bwGyPrw9
0.941,0.178,104.827,0.0537,0.000491,0.263,4,0.328,0,505532,-5.211,0.626,1,audio_features,spotify:track:4hjTm9cn9ZPwfKnbyW6frn
0.987,0.427,105.523,0.0653,0.00204,0.00731,3,0.496,0,313932,-3.103,0.288,1,audio_features,spotify:track:7ucFoRbiHn7SOVfHFHRjbE
0.964,0.127,105.62,0.0989,0.00386,0.00514,4,0.413,5,527892,-4.5,0.31,0,audio_features,spotify:track:61MvWKeLK4tjdSuuB8y8B8
0.477,0.105,106.957,0.0373,0.838,0.0,4,0.378,0,271625,-6.276,0.277,1,audio_features,spotify:track:1p45FzpjdhUK3iA05SrN2D
0.903,0.0497,91.22,0.195,0.00149,0.0426,4,0.704,0,196667,-4.885,0.592,1,audio_features,spotify:track:76yjNTMsef12pt2OPmRW0U
0.871,0.115,129.938,0.0452,3.51e-05,0.136,4,0.486,8,281582,-6.361,0.172,1,audio_features,spotify:track:7rfN8SUWxZSeaJFFzM6TP5
0.884,0.189,117.051,0.0749,9.14e-05,0.000106,4,0.579,2,242618,-4.59,0.366,1,audio_features,spotify:track:7n7vOMQgUkE6mvyxU4PVUm
0.953,0.287,143.914,0.0512,0.000119,4.42e-05,4,0.493,10,152187,-3.812,0.683,0,audio_features,spotify:track:77NpdcM6UCELVwOOVqzu88
0.933,0.0784,135.977,0.121,0.00028,0.00643,4,0.271,9,317191,-4.544,0.0773,1,audio_features,spotify:track:3mEExxNbWKdTJImI7KTvU0
0.927,0.0931,160.031,0.228,0.027,0.0,4,0.446,2,299016,-3.727,0.274,0,audio_features,spotify:track:6SeFPYWv9lIlSWanyEDYf5
0.953,0.0854,145.012,0.277,0.00865,0.0,4,0.489,11,240493,-6.026,0.156,0,audio_features,spotify:track:423ezgdkyIGwVrE02q5hMx
0.895,0.244,187.079,0.0616,5.04e-06,3.53e-06,4,0.358,7,191227,-5.397,0.351,1,audio_features,spotify:track:0pMhyiOrQr6oir8DY2lBAK
0.937,0.234,118.026,0.0897,0.00032,0.0,4,0.45,9,254031,-3.589,0.174,0,audio_features,spotify:track:4PsT0F7EY48efAQ1HYQ0wp
0.92,0.0941,194.914,0.0982,9.17e-06,0.0,4,0.36,10,209813,-4.47,0.355,0,audio_features,spotify:track:04K7XY6Ev4WiUVv2ysyw7b
0.886,0.138,135.058,0.0574,0.0017,0.00506,4,0.555,1,151497,-5.094,0.303,1,audio_features,spotify:track:2SwW5a71vQZa16HCZyl9rk
0.682,0.105,135.016,0.081,0.0124,0.0233,4,0.693,2,288493,-7.772,0.206,1,audio_features,spotify:track:2C6doYBvhQSYclTqpl5oJF
0.666,0.114,173.923,0.0426,0.00346,0.0622,4,0.383,0,365479,-4.977,0.12,1,audio_features,spotify:track:6nyEo8xc3yInahK4dxS8QP
0.66,0.117,75.001,0.066,0.254,0.463,4,0.642,5,196206,-8.663,0.629,1,audio_features,spotify:track:1aEL7VJYBnruX24rmQUgnT
0.674,0.1,119.93,0.0285,0.0238,0.000303,4,0.619,4,192522,-6.545,0.584,0,audio_features,spotify:track:4dTXuXfI4u91uIB3QZYqfv
0.175,0.14,119.813,0.0358,0.962,0.00145,3,0.354,7,245551,-11.442,0.201,0,audio_features,spotify:track:0dX7idX80Cc1967CDTySBs
0.489,0.112,80.015,0.0737,0.864,0.0355,4,0.506,0,266031,-9.706,0.0621,0,audio_features,spotify:track:0Y8K3VOqUEOm1ciD1Gzk2Z
0.666,0.189,107.915,0.0295,0.0412,6.61e-05,4,0.501,9,340663,-5.34,0.243,0,audio_features,spotify:track:5XKMBzWzALaSS9UtPMd5ir
0.586,0.112,115.445,0.0321,0.0013,0.000167,3,0.53,4,242155,-6.761,0.155,0,audio_features,spotify:track:1BAAmnJ2Ei5fCXAZjBQRY1
0.707,0.0977,151.994,0.0335,7.26e-06,0.00435,4,0.302,8,250958,-5.681,0.078,0,audio_features,spotify:track:7gcLA8dBxqF4B9OfW9EYxZ
0.519,0.0809,90.997,0.0283,0.00715,0.00084,4,0.535,4,278413,-6.108,0.122,0,audio_features,spotify:track:4EOF63CyjLoWVee0sndqpW
0.948,0.111,159.942,0.35,0.000216,0.371,4,0.503,6,405212,-5.903,0.245,1,audio_features,spotify:track:7I8MCiM3A4xvnM6zIiuMZn
0.932,0.323,186.074,0.0854,1.95e-05,0.00062,4,0.361,7,289095,-4.905,0.438,1,audio_features,spotify:track:0Uiqplbhwnvl9txEppdWJv
0.942,0.135,149.957,0.186,0.000908,0.0286,4,0.263,7,318160,-8.518,0.172,1,audio_features,spotify:track:2ldX63XMX8R8ENHT4OZiBH
0.786,0.382,146.188,0.0451,0.00186,0.0531,4,0.417,2,298107,-6.092,0.182,0,audio_features,spotify:track:51AjJaDJYIZCq234ycrm2a
0.88,0.0824,92.358,0.0309,9.59e-05,0.00614,4,0.513,7,269533,-4.69,0.495,0,audio_features,spotify:track:60fUDmIWuKhngaeBIVhqIV
0.942,0.349,104.969,0.0487,0.000637,0.00205,4,0.597,2,268583,-4.627,0.503,1,audio_features,spotify:track:7lt4K9LqL1KgBgxl6Ly3Ud
0.863,0.299,134.983,0.0543,1.96e-05,0.000714,4,0.511,10,255222,-7.21,0.565,1,audio_features,spotify:track:5o6z2MBmQ9W1OhEycizdW5
0.792,0.211,89.966,0.0281,0.00297,1.68e-05,4,0.556,7,362093,-5.62,0.269,0,audio_features,spotify:track:3ZXZ9RMsznqgyHnyq0K5FL
0.967,0.0731,75.003,0.136,8.41e-05,0.013,4,0.317,4,312722,-6.128,0.151,0,audio_features,spotify:track:7wrQTNa4QpmntbA8N0IDAn
0.956,0.138,107.979,0.0968,3.59e-06,0.000478,3,0.466,3,300778,-5.452,0.156,1,audio_features,spotify:track:3PwKYa2i1d4rQ0eZUhKQzj
0.858,0.111,90.91,0.0464,0.00348,0.037,4,0.404,11,364640,-6.641,0.248,0,audio_features,spotify:track:2cQkslUQT9nyvmMNTftd4S
0.645,0.138,126.714,0.333,0.0211,5.7e-06,4,0.683,10,182500,-5.03,0.629,1,audio_features,spotify:track:3cxr1nDPXbUgSw2vfHvs2h
0.861,0.585,124.004,0.193,0.00551,0.186,4,0.437,7,349960,-5.655,0.136,0,audio_features,spotify:track:1tXP07p1dsSu7v5kK6DZnu
0.796,0.099,101.247,0.0608,0.00415,0.926,4,0.24,4,387976,-6.029,0.0391,0,audio_features,spotify:track:6mbzP1DCc2wz4DjwJ6AaZT
0.945,0.377,122.025,0.063,2.33e-05,0.864,4,0.489,10,404200,-4.471,0.391,0,audio_features,spotify:track:0JE3kUQokMDdBFL72BYZgW
0.881,0.156,108.009,0.0749,0.000587,0.838,4,0.49,9,257735,-8.703,0.124,0,audio_features,spotify:track:5soMJpcVhSrGrB4prvPL6P
0.988,0.309,172.056,0.0661,4.88e-06,0.835,4,0.309,5,264501,-3.694,0.493,1,audio_features,spotify:track:696eNRIkeGk04kvkiRRY47
0.948,0.346,98.288,0.0446,6.44e-05,0.807,4,0.31,5,259470,-4.208,0.301,0,audio_features,spotify:track:0CLjhpOb402D7U4vqFZCFH
0.905,0.363,134.163,0.0419,9.44e-06,5.4e-05,4,0.438,9,162667,-6.161,0.723,1,audio_features,spotify:track:2V4Bc2I962j7acQj1N0PiQ
0.765,0.111,136.699,0.0589,0.0696,2.57e-06,4,0.516,11,139987,-8.867,0.625,1,audio_features,spotify:track:6CdR5Zu0bpP03XjpNycbaa
0.675,0.0457,121.33,0.0372,0.000293,0.736,4,0.685,3,140480,-5.806,0.874,1,audio_features,spotify:track:53LZqMzQEnjBkFXPqOq0cD
0.96,0.109,126.02,0.07,0.00169,0.000997,4,0.657,5,186067,-3.524,0.567,0,audio_features,spotify:track:5bU4KX47KqtDKKaLM4QCzh
0.896,0.285,79.966,0.0662,0.000108,0.416,4,0.394,11,315987,-5.396,0.239,0,audio_features,spotify:track:6p2iiGV6iIqFdFrPz1Ktbx
0.945,0.309,84.996,0.0695,0.0601,0.0,4,0.599,5,179240,-4.604,0.676,1,audio_features,spotify:track:0R7KP4GlUebdefGw2Sw9eh
0.887,0.166,104.046,0.0991,0.000303,0.0368,4,0.598,10,222667,-5.371,0.384,0,audio_features,spotify:track:1vo1kaYzGxtq5uGVyzos9E
0.911,0.369,183.974,0.056,4.28e-05,0.0,3,0.315,0,193880,-4.136,0.38,0,audio_features,spotify:track:071qZ9lL7h6ULW1WNgQjE3
0.98,0.328,89.967,0.0879,4.21e-06,0.0186,4,0.451,7,205627,-3.734,0.303,1,audio_features,spotify:track:3DypApeEr6V617nb37He9F
0.929,0.389,137.868,0.0638,0.00094,0.000248,4,0.558,2,202307,-3.618,0.502,1,audio_features,spotify:track:78mjaBatbfvwx5KJwI036H
0.898,0.164,149.983,0.0881,0.000228,0.0,4,0.452,0,192387,-6.387,0.251,1,audio_features,spotify:track:1cpkLUS6ZOD7u8AJuD4YUU
0.767,0.0942,94.174,0.0681,0.181,0.000856,4,0.365,9,248053,-6.185,0.422,0,audio_features,spotify:track:6crBy2sODw2HS53xquM6us
0.938,0.48,112.022,0.123,0.00296,0.000852,4,0.623,0,165960,-4.161,0.308,1,audio_features,spotify:track:3pYKJaLiixRcDFfcNhxZKK
0.905,0.142,97.106,0.0653,0.00227,3.29e-06,4,0.495,8,235653,-3.768,0.215,1,audio_features,spotify:track:0KGIbrNYktDXYyHopcDI2L
0.632,0.095,117.887,0.0359,0.223,0.0,4,0.49,10,224107,-3.847,0.19,0,audio_features,spotify:track:4K8KWU9Nd3QCAiAWAKpjjS
0.969,0.371,164.999,0.119,2.87e-05,0.000753,4,0.413,4,200147,-2.599,0.374,0,audio_features,spotify:track:04BSvYghzdxjSJNpee36er
0.96,0.115,153.918,0.0856,7.74e-05,4.34e-06,4,0.43,10,176160,-4.267,0.264,1,audio_features,spotify:track:6znbTbavmg6c6mrWK81GqQ
0.875,0.123,121.467,0.0406,6.42e-05,0.000634,4,0.472,8,226400,-3.508,0.485,0,audio_features,spotify:track:0c1iL21nLuQNZTWiijOZUG
0.95,0.413,140.071,0.161,0.012,1.91e-06,4,0.534,9,207587,-2.712,0.527,0,audio_features,spotify:track:308BpHy6evPQz9hSPpSLNf
0.667,0.229,113.018,0.0285,0.000984,0.027,4,0.503,11,245573,-6.831,0.101,0,audio_features,spotify:track:71KtwiEpzcn9WxwlaS7ZJY
0.891,0.344,155.967,0.0452,8.93e-05,0.0,4,0.382,7,239213,-2.148,0.443,1,audio_features,spotify:track:71xXyCmzYGQS1B6eF6U0pg
0.87,0.348,155.925,0.0537,0.00027,1.77e-05,4,0.415,9,236267,-3.552,0.264,0,audio_features,spotify:track:31B9r2N9vAqhHciZanfucd
0.923,0.0689,144.0,0.0593,1.6e-05,0.00714,4,0.485,0,261507,-4.44,0.394,1,audio_features,spotify:track:5SAL0TJDz3EXn4ByipLndJ
0.918,0.209,104.023,0.038,0.000131,0.00324,4,0.54,4,263987,-5.389,0.694,0,audio_features,spotify:track:6ubp7SmSZDkJiII5F6jQCc
0.982,0.0539,131.895,0.287,0.000165,2.32e-06,4,0.448,9,299820,-3.971,0.0978,0,audio_features,spotify:track:76AYOdnKWcSLviCsKDXyS1
0.895,0.715,143.829,0.101,0.0173,9.9e-06,4,0.442,4,238013,-4.388,0.489,1,audio_features,spotify:track:1HNRXicnRXw34nouoSQi3c
0.956,0.261,177.018,0.0663,7.61e-05,0.00992,3,0.197,10,244773,-2.908,0.209,0,audio_features,spotify:track:6zKF4293k44ItKWJJgrhXv
0.917,0.396,75.098,0.0854,0.0054,0.000133,4,0.51,4,272440,-4.806,0.313,0,audio_features,spotify:track:3gVhsZtseYtY1fMuyYq06F
0.998,0.217,106.815,0.0843,0.000156,0.784,4,0.605,1,261680,-3.818,0.0618,0,audio_features,spotify:track:7J9tkRgN26YmIHXl4fnVlp
0.987,0.323,134.029,0.145,0.00874,0.00289,4,0.583,7,239200,-3.378,0.11,1,audio_features,spotify:track:5OzH78l5I2ztipL0r8NaOK
0.966,0.0735,96.906,0.098,0.000127,0.0482,4,0.37,3,263053,-3.795,0.167,0,audio_features,spotify:track:55I6kGwBh5Dymqtn0Txi1Q
0.974,0.138,84.761,0.0521,0.00018,0.909,4,0.249,1,243893,-3.581,0.597,1,audio_features,spotify:track:5t4raLj2HuARdxKoDefT57
0.987,0.318,77.501,0.113,3.96e-05,0.0119,4,0.445,7,223547,-2.988,0.243,1,audio_features,spotify:track:4wARWUOGya1Q9ldbPzdcrf
0.954,0.182,108.126,0.115,0.000479,0.000103,4,0.488,6,259280,-4.72,0.209,1,audio_features,spotify:track:2ybo43ThZJZJMfFdjgkrCK
0.978,0.404,194.943,0.157,0.00025,0.526,4,0.324,8,224547,-2.854,0.388,1,audio_features,spotify:track:0DNqmTzg21AVqL4WFDZ9OT
0.827,0.242,129.987,0.0528,0.00736,0.00108,4,0.533,8,230769,-6.677,0.184,0,audio_features,spotify:track:7ivt9fj1WBFTIOrdDegwmz
0.691,0.193,185.098,0.0474,9.99e-06,0.0159,4,0.379,10,210067,-12.126,0.539,0,audio_features,spotify:track:6W6v8YnNcuYpIKQs3PBef3
0.855,0.111,104.919,0.0402,0.000162,0.0701,3,0.466,7,220000,-7.231,0.424,0,audio_features,spotify:track:6CNECL0qynClheFnYBdfvc
0.806,0.449,112.543,0.0562,5.92e-05,0.407,4,0.234,10,318750,-6.787,0.235,0,audio_features,spotify:track:1KvlZQ64H7HWeGb3jGzLzT
0.525,0.218,82.473,0.0349,0.000102,0.0721,4,0.527,10,250182,-11.925,0.336,0,audio_features,spotify:track:7tdvDVIsMhnCnNVgUIPySq
0.907,0.0807,119.936,0.0382,8.93e-05,0.00554,4,0.538,10,246750,-6.88,0.438,0,audio_features,spotify:track:4emfh95cQIALVrEraoPrkn
0.91,0.145,130.033,0.0391,0.000178,0.00036,4,0.533,0,231462,-7.695,0.46,0,audio_features,spotify:track:66AkYibFf7JMBpz0AZ9kSQ
0.918,0.207,175.104,0.13,1.51e-05,0.116,4,0.414,6,211457,-7.619,0.19,1,audio_features,spotify:track:3k9A6DulALNVTURNddIUwh
0.829,0.12,105.033,0.0313,4.95e-05,0.000519,4,0.529,9,202041,-5.317,0.535,0,audio_features,spotify:track:1yn1CphEmVt16RnmbDJ5xc
0.883,0.868,125.02,0.0341,0.00114,0.041,4,0.555,2,316718,-3.426,0.507,1,audio_features,spotify:track:383QXk8nb2YrARMUwDdjQS
0.92,0.115,153.986,0.0489,0.0303,0.000412,4,0.274,6,189440,-4.096,0.0397,1,audio_features,spotify:track:6oO7WMjD6kEvCITLbVj0mu
0.723,0.233,160.048,0.0571,0.0661,1.91e-06,4,0.404,6,326983,-5.26,0.225,1,audio_features,spotify:track:2D52zjCyqEIQa221lhw6uk
0.873,0.204,116.681,0.0535,0.000264,0.0025,3,0.413,8,218933,-4.151,0.481,1,audio_features,spotify:track:0snQkGI5qnAmohLE7jTsTn
0.981,0.218,101.423,0.128,0.00662,0.0,4,0.556,1,255467,-2.688,0.716,0,audio_features,spotify:track:0EYOdF5FCkgOJJla8DI2Md
0.922,0.0696,79.342,0.0566,0.000918,0.035,4,0.364,0,235053,-4.217,0.227,0,audio_features,spotify:track:4e9eGQYsOiBcftrWXwsVco
0.889,0.258,131.073,0.261,0.00167,0.00215,4,0.451,1,153800,-2.693,0.586,1,audio_features,spotify:track:31RTFPrB7wmYBhlkM2ILXG
0.797,0.125,150.301,0.0301,0.598,0.000427,4,0.295,8,320693,-3.193,0.107,0,audio_features,spotify:track:0GrHWVTDsaWcD4nrCGr7VE
0.962,0.37,158.618,0.0988,0.0448,0.0,4,0.305,1,216533,-2.076,0.0797,0,audio_features,spotify:track:11WZXXvGyrtUBp15TtojxA
0.897,0.106,152.997,0.0479,0.000992,0.00458,4,0.244,1,328867,-2.402,0.232,1,audio_features,spotify:track:4mj2UMyJTBTaO7pffAK29j
0.972,0.318,180.798,0.186,0.00083,0.0158,4,0.207,4,200600,-3.21,0.364,0,audio_features,spotify:track:6y2DHyCYf6azhUfXmnuH6w
0.938,0.246,167.421,0.0603,0.00539,0.0,4,0.26,6,205800,-1.824,0.547,0,audio_features,spotify:track:1wGRSG94dLt8fIZWhR3rGG
0.967,0.0541,162.804,0.0964,0.000845,0.0,4,0.269,6,176867,-2.744,0.598,1,audio_features,spotify:track:6iFVJGxSVdFkzYQJL7Rgdk
0.88,0.649,169.597,0.0706,0.000331,0.023,4,0.428,1,116893,-2.392,0.946,1,audio_features,spotify:track:4dJMoLxnO93Ys7SqZNIxlg
0.791,0.439,133.204,0.0721,0.000126,0.0219,4,0.626,0,188600,-2.734,0.433,1,audio_features,spotify:track:3RgDvs9Jpvn3kUuaTek1R5
0.933,0.528,146.81,0.0349,6.83e-05,0.398,4,0.369,0,193627,-2.853,0.521,1,audio_features,spotify:track:4TRPgtjVmqg7EAWZe1T94E
0.775,0.186,86.712,0.0359,0.000121,0.00281,4,0.29,7,201907,-3.03,0.212,1,audio_features,spotify:track:2HVCLZ6dMDelXhloO5sAjV
0.477,0.133,129.006,0.0266,0.552,0.00729,4,0.475,5,201200,-7.527,0.227,0,audio_features,spotify:track:4sM7v7wyRAuV6ZTO2dvnCA
0.905,0.093,150.496,0.0559,0.000127,0.00925,4,0.367,1,240107,-4.152,0.648,1,audio_features,spotify:track:1B5Y9I5wPfvD3C2A81A36C
0.849,0.11,89.328,0.0328,0.000497,0.185,4,0.503,0,162667,-3.606,0.512,1,audio_features,spotify:track:58lcznIKSNlOVdmklrPA99
0.988,0.846,139.941,0.0787,0.000108,0.309,4,0.552,1,229840,-2.555,0.619,0,audio_features,spotify:track:14EORgkbXqIx5K4Haucmnb
0.836,0.153,105.173,0.0353,0.000647,0.431,4,0.543,4,515387,-9.11,0.56,0,audio_features,spotify:track:2MuWTIM3b0YEAskbeeFE1i
0.978,0.356,117.906,0.0727,0.0261,1.09e-05,4,0.47,7,210133,-5.399,0.503,1,audio_features,spotify:track:7lmeHLHBe4nmXzuXc0HDjk
0.968,0.423,125.04,0.0396,0.000248,8.28e-06,4,0.541,0,311813,-4.129,0.505,1,audio_features,spotify:track:3sHH7lklbfpcraDDvYnjo7
0.982,0.204,143.772,0.168,0.000237,0.000294,4,0.354,4,252613,-3.026,0.194,0,audio_features,spotify:track:61mWefnWQOLf90gepjOCb3
0.953,0.357,120.013,0.0989,0.000201,0.0241,4,0.446,5,153773,-2.268,0.232,0,audio_features,spotify:track:0Xmbtw7NhNiDnL4BWy5wDh
0.716,0.0786,92.721,0.0326,0.000272,0.00123,4,0.379,4,279333,-4.312,0.239,1,audio_features,spotify:track:33AxY0QUitvte6JV6B6uLE
0.955,0.207,126.009,0.154,0.000989,0.0133,4,0.602,6,273194,-4.888,0.193,1,audio_features,spotify:track:5QLH7zAdcAJLgR25gtvtoK
0.974,0.886,134.724,0.171,0.0177,5.44e-06,4,0.291,6,278600,-2.997,0.348,0,audio_features,spotify:track:6wqJeItl3Vc3az4ZicSQAB
0.959,0.0888,144.396,0.256,0.0319,0.0,4,0.428,6,249133,-3.727,0.262,1,audio_features,spotify:track:5wBaNy59nK8hJnx8AB2zRe
0.965,0.0978,138.035,0.0723,0.000123,9.87e-06,4,0.506,7,229773,-3.665,0.588,1,audio_features,spotify:track:6WaYiQUPel70HUaCZj5eND
0.871,0.345,123.529,0.0912,0.00408,0.00168,4,0.357,2,327747,-6.033,0.339,0,audio_features,spotify:track:7x86D0wH2PrWgSLz8Wtnzf
0.988,0.507,175.905,0.165,7.86e-05,0.0344,4,0.397,10,241080,-3.53,0.143,0,audio_features,spotify:track:4GFGnWzqjt28O9t8JAO2eF
0.995,0.345,120.003,0.141,2.52e-06,0.0096,1,0.463,8,248213,-3.402,0.0622,1,audio_features,spotify:track:4JM2NfRcxtUw6dmgKM5bwn
0.983,0.516,110.005,0.0998,1.52e-05,0.000657,4,0.521,7,300493,-3.994,0.12,0,audio_features,spotify:track:1OaNPfYZ465r5INNSKOCKy
0.989,0.143,194.917,0.179,1.1e-05,0.00184,3,0.316,9,274827,-3.775,0.128,1,audio_features,spotify:track:6ikcUdBnl1jiAcJzKKw05n
0.99,0.0797,119.492,0.217,4.54e-06,0.0391,4,0.473,8,212467,-3.537,0.0371,1,audio_features,spotify:track:725psKOmvjhV8lZ5X1YJ4o
0.933,0.112,143.194,0.0526,0.00134,0.0529,4,0.473,7,477440,-5.513,0.0515,1,audio_features,spotify:track:3DIHtSrfsww1llW0aoRQtl
0.959,0.707,155.01,0.0525,5.36e-05,6.54e-06,4,0.426,0,242680,-4.95,0.372,1,audio_features,spotify:track:4U9BOwX61f1TCXdukPa2ub
0.948,0.221,99.988,0.106,1.91e-05,0.00117,4,0.476,6,214280,-5.489,0.303,1,audio_features,spotify:track:224KDhjlE8K0OeXlQI7vXZ
0.989,0.623,87.442,0.241,4.63e-05,2.51e-05,4,0.433,6,189600,-3.694,0.508,1,audio_features,spotify:track:7LsAld1wdZSVk7gvtY1S94
0.972,0.0758,129.995,0.0798,2.15e-05,0.733,4,0.535,1,228448,-4.146,0.251,1,audio_features,spotify:track:0OiqmkoWLbaq2S7rvlwPSF
0.97,0.0871,106.558,0.116,0.000683,0.136,4,0.499,0,340132,-2.838,0.0506,1,audio_features,spotify:track:6vAQtUlYrzolE6SS9QCTs5
0.975,0.0927,74.994,0.111,2.63e-05,0.0,4,0.391,10,214399,-4.292,0.233,0,audio_features,spotify:track:6g7vndAmUE7X1jcLR9HZSy
0.936,0.0661,82.006,0.138,8.84e-05,0.000328,4,0.465,6,257800,-5.05,0.461,1,audio_features,spotify:track:527rOHTuKjeF5vpF0zkr9S
0.955,0.368,97.538,0.0713,1.41e-05,0.0468,4,0.446,1,268450,-3.757,0.138,1,audio_features,spotify:track:582C5A8zcJJtgX5vhWfhPD
0.982,0.392,124.94,0.147,8.87e-05,0.0108,4,0.492,1,358120,-5.251,0.0877,1,audio_features,spotify:track:77Dj9s0W077FDWgEUpzQhu
0.977,0.103,135.036,0.162,2.69e-05,6.47e-05,4,0.48,0,240661,-2.684,0.136,0,audio_features,spotify:track:754rWf13aiZhl8xaSYg5J4
0.987,0.63,113.733,0.165,1.31e-05,0.0162,3,0.222,2,203031,-4.588,0.116,1,audio_features,spotify:track:050UDADRxQ1nU4e3oFft8K
0.976,0.248,121.982,0.0726,3.26e-05,0.189,4,0.589,7,226320,-3.024,0.356,1,audio_features,spotify:track:4Pf95KrUvj48z2ChGNA5Ye
0.943,0.146,134.992,0.176,3.88e-05,0.0284,4,0.559,7,247733,-5.069,0.274,1,audio_features,spotify:track:741ma9luSEyhnDjq2lAPEK
0.991,0.14,159.968,0.146,5.46e-06,0.00229,3,0.411,5,224573,-3.371,0.162,0,audio_features,spotify:track:0BcMpyxOH6LZYtjCP2m0lD
0.929,0.0874,110.03,0.0962,2.35e-05,0.000897,4,0.321,10,193640,-4.99,0.404,0,audio_features,spotify:track:7L2c2nxKPih4qOjIas542L
0.893,0.081,158.022,0.0483,0.000216,0.616,4,0.467,5,404853,-5.12,0.228,0,audio_features,spotify:track:5BD4qWlg2L9NsQqLU62DvW
0.724,0.151,102.037,0.0281,0.000114,0.628,4,0.506,0,243107,-7.086,0.0697,1,audio_features,spotify:track:6vS5siwSidItcWFXskcpAA
0.979,0.788,179.948,0.107,2.56e-05,6.51e-05,4,0.384,2,226787,-2.451,0.303,1,audio_features,spotify:track:6xXIMiJeAHZZcoReecFZwD
0.978,0.369,77.014,0.0952,3.18e-05,0.0,4,0.424,7,228507,-3.011,0.25,1,audio_features,spotify:track:6uBx1fCBDuM8fXNYMyqM3l
0.935,0.168,140.092,0.128,0.0139,0.0,4,0.533,0,262493,-3.704,0.481,1,audio_features,spotify:track:75BGF4LC7AOLFfxn6ukZDH
0.938,0.778,129.93,0.2,0.0024,0.0,4,0.533,5,247467,-3.28,0.357,1,audio_features,spotify:track:1kYR2wTYZUsZ2Gcx7yPYSZ
0.979,0.966,129.946,0.219,0.0195,0.0,4,0.621,5,298467,-2.725,0.325,1,audio_features,spotify:track:5gc7XfphkR2jispckOKwiM
0.915,0.326,67.978,0.0846,0.00844,0.0,4,0.551,2,260160,-2.496,0.416,1,audio_features,spotify:track:0eHIMJCzU1QV0R6OHeLOuR
0.743,0.115,141.877,0.0792,0.107,5.76e-06,4,0.435,9,292507,-5.804,0.28,0,audio_features,spotify:track:54sEj5GIx2EW78nRDyC58R
0.964,0.124,144.055,0.384,0.000824,0.0,4,0.481,2,270253,-4.114,0.0808,0,audio_features,spotify:track:5gbxjsBPzpjZuPvIptYvPi
0.981,0.0243,135.146,0.0887,0.00269,0.00275,4,0.568,2,284120,-3.889,0.307,1,audio_features,spotify:track:3RAFcUBrCNaboRXoP3S5t1
0.972,0.285,151.808,0.234,3.45e-05,1.57e-05,1,0.316,1,239227,-5.613,0.274,1,audio_features,spotify:track:06odvt7lQtGi2UCiwX9gEV
0.991,0.418,99.995,0.166,0.00499,0.00011,4,0.452,1,235827,-3.798,0.141,1,audio_features,spotify:track:0ueOqNYjOezWi1aCkQFK9k
0.982,0.371,141.987,0.167,8.94e-06,8.77e-05,4,0.491,7,230293,-3.437,0.323,1,audio_features,spotify:track:0lU2pzaOwLR03T2pR7HXev
0.954,0.126,97.553,0.0975,5.79e-05,0.291,4,0.246,8,252280,-3.811,0.164,1,audio_features,spotify:track:27sTzAelgljD6Uxp88BqA3
0.925,0.283,63.653,0.0775,0.000422,0.00202,4,0.182,5,311000,-4.124,0.353,0,audio_features,spotify:track:6439bTwAYJA1U4e4WT9p7U
0.961,0.309,142.457,0.0794,3.58e-05,0.000919,3,0.514,0,279253,-5.037,0.512,0,audio_features,spotify:track:340TMuAHJkk7WIQ6B1XpQK
0.956,0.125,122.897,0.149,7.51e-05,0.0203,4,0.352,7,456320,-3.634,0.228,1,audio_features,spotify:track:2fed1yXI1clOEddfGyKyH2
0.98,0.332,180.076,0.119,7.51e-05,0.637,4,0.367,5,225747,-2.192,0.168,1,audio_features,spotify:track:4A2ekPbgWSgjPkFwwDzw3a
0.939,0.117,130.975,0.0513,3.39e-05,0.13,4,0.397,4,300712,-3.953,0.312,0,audio_features,spotify:track:3Kyah08cIZJKhjnUa3vHJ2
0.995,0.335,169.937,0.205,0.000373,0.00163,4,0.416,2,237529,-2.527,0.0959,1,audio_features,spotify:track:2BKkg41mf62spyRLR3Gx6z
0.799,0.109,127.956,0.0426,0.000572,2.55e-05,4,0.463,10,208177,-5.696,0.0976,1,audio_features,spotify:track:6bSZPUVSKdGjSdeEEPzycS
0.981,0.135,151.983,0.109,1.2e-05,0.013,4,0.414,8,328453,-4.289,0.222,1,audio_features,spotify:track:2ozNOZsigw3bJ8570HhVwa
0.861,0.283,137.978,0.0653,1.43e-06,0.388,4,0.229,8,260320,-6.863,0.222,1,audio_features,spotify:track:4yKnTwWOmQjMTF6U9sgWtY
0.956,0.0584,167.943,0.123,0.000186,0.00056,4,0.421,9,209908,-3.942,0.353,1,audio_features,spotify:track:6bOieYGfifp6L1AuY3KWzt
0.888,0.0692,75.508,0.0635,3.43e-05,0.0904,4,0.386,9,236378,-5.528,0.374,1,audio_features,spotify:track:00WVclSOdTPuLYTott68Wl
0.943,0.0609,164.954,0.144,0.00123,0.0,4,0.345,10,276867,-4.184,0.293,0,audio_features,spotify:track:7H5q9RsWBDRrKq2qCdv2HG
0.981,0.588,120.052,0.156,0.000212,3.75e-06,4,0.505,2,249747,-3.779,0.256,1,audio_features,spotify:track:04K2bMi2vyOBwxr5EjDq5O
0.97,0.0682,152.577,0.132,3.01e-05,2.83e-06,4,0.212,7,267998,-4.68,0.349,1,audio_features,spotify:track:2Cv8fs0SPLX1XaLQ80Lvds
0.935,0.0989,131.997,0.129,0.0001,0.0,4,0.532,2,253446,-5.102,0.325,1,audio_features,spotify:track:1UtLHK1KdLD1haUlY5YoSg
0.98,0.0689,120.026,0.108,3.42e-05,6.85e-06,4,0.544,10,229816,-4.495,0.191,0,audio_features,spotify:track:6RbSpgqV4oDW0x6NxeHlqn
0.995,0.403,183.985,0.172,3.26e-06,0.000196,4,0.356,4,243913,-3.366,0.167,0,audio_features,spotify:track:69ow35I1jI6gYI45H1Bw7e
0.939,0.357,92.027,0.0648,0.00591,0.000881,4,0.398,9,342821,-2.865,0.235,0,audio_features,spotify:track:5hheGdf1cb4rK0FNiedCfK
0.963,0.353,130.061,0.0744,0.000443,0.0251,4,0.547,4,268587,-2.337,0.441,0,audio_features,spotify:track:7eRG7KNDIgjIk3nvykmhOT
0.989,0.0806,102.784,0.111,0.00191,0.0059,4,0.453,2,306080,-2.766,0.0388,1,audio_features,spotify:track:7b96P5WRVoixTmssXpFL9N
0.988,0.366,130.777,0.0671,0.000507,6.45e-05,4,0.536,7,332907,-1.777,0.231,1,audio_features,spotify:track:30ok0FxMYe6Ey3LHTL4AxB
0.926,0.0776,158.47,0.0912,0.000311,0.000644,4,0.306,1,225067,-2.754,0.483,0,audio_features,spotify:track:1LFinV2mx4m4vBJu6TDrmz
0.975,0.407,147.938,0.0806,0.000238,0.0159,4,0.44,11,290427,-2.024,0.552,1,audio_features,spotify:track:7ulHfn6hWuK8nmsQXycYXa
0.986,0.236,183.901,0.102,0.000553,0.0106,4,0.357,7,258360,-2.266,0.543,1,audio_features,spotify:track:6lFmvTnEQiZrkmlfiukMzK
0.992,0.122,136.023,0.144,0.000134,0.027,4,0.521,6,243267,-4.203,0.166,1,audio_features,spotify:track:7c3DfsUMhDTnf2JewbfU8w
0.547,0.112,174.717,0.0318,0.0627,3.16e-06,3,0.286,4,325627,-7.923,0.453,1,audio_features,spotify:track:0pVL6gE6ebXHExO9IzrJDQ
0.983,0.116,125.983,0.228,0.000243,0.000654,4,0.3,3,269280,-5.271,0.152,0,audio_features,spotify:track:56OORedNjFtHSG30bo6QCo
0.987,0.0771,115.999,0.115,0.00015,0.000906,4,0.648,3,181013,-3.472,0.345,0,audio_features,spotify:track:5hGijWiJRedcgP9I3xdD6q
0.777,0.167,115.072,0.041,0.00141,0.735,4,0.558,8,279147,-7.12,0.0815,1,audio_features,spotify:track:5lFX4A9y2qwfgKULw1J32K
0.894,0.101,137.739,0.0491,0.000296,0.000194,4,0.497,3,307640,-5.309,0.36,0,audio_features,spotify:track:0lDX0Pkth7pXYUzTvuKgln
0.931,0.269,130.058,0.0639,6.09e-05,0.0837,4,0.57,7,251253,-5.49,0.525,1,audio_features,spotify:track:2FngpunDZn5SEjkEAbBaxB
0.954,0.294,142.074,0.0971,0.00177,0.798,4,0.53,6,281213,-4.883,0.381,1,audio_features,spotify:track:6wXUTQI5qVgJICnNWyUz1S
0.958,0.0907,118.018,0.071,7.66e-05,0.00445,4,0.543,6,241800,-3.961,0.379,1,audio_features,spotify:track:5cMh0wkTZXKdlYFtGEny7n
0.981,0.145,140.02,0.141,0.000481,0.00508,4,0.509,3,224427,-4.428,0.242,0,audio_features,spotify:track:4Ma6fKktonx1Tu7Lzljcz5
0.996,0.368,145.037,0.104,1.48e-05,0.018,4,0.474,6,283053,-3.579,0.253,1,audio_features,spotify:track:3GUDcoI8YXplwIjMcmyT0F
0.267,0.283,78.618,0.0477,0.598,0.000395,3,0.113,10,316720,-16.108,0.101,0,audio_features,spotify:track:20qCGI8SY8dSqBz5v94hfs
0.902,0.325,177.012,0.0796,5.05e-05,0.0695,4,0.394,2,249000,-6.971,0.219,0,audio_features,spotify:track:2xmhMWNdMtu4pNzLgZVKb1
0.874,0.111,195.095,0.0685,7.83e-05,0.0104,3,0.199,10,254000,-6.986,0.0698,0,audio_features,spotify:track:1V8e2te3Mh1MthjwKC6CSg
0.846,0.153,90.086,0.043,9e-06,0.23,4,0.436,10,251000,-7.007,0.167,0,audio_features,spotify:track:1K8ACFR9Y5EN8QwuC6flTU
0.889,0.182,85.022,0.0601,1.41e-05,0.367,4,0.448,6,272647,-7.14,0.588,1,audio_features,spotify:track:3tGipj34cuR7SfBiP4iXGK
0.927,0.112,95.075,0.0614,0.0017,0.00134,3,0.49,8,268421,-8.293,0.246,1,audio_features,spotify:track:1mj87L1Bq4lsMvskI1jHQP
0.235,0.192,130.036,0.037,0.0984,0.283,4,0.5,7,51000,-19.691,0.0384,0,audio_features,spotify:track:3PVkPbjuZtDJ4ZmDF4iirp
0.835,0.0452,165.188,0.0992,0.000292,0.594,4,0.335,5,319636,-8.397,0.137,0,audio_features,spotify:track:77Bw7vGfqR6UhiVsugZmuU
0.81,0.331,99.984,0.104,0.0029,0.0156,4,0.495,1,261735,-5.608,0.388,1,audio_features,spotify:track:5FWJgb9sESNmV5LQyQftL8
0.961,0.327,149.954,0.0674,0.00183,7.33e-06,4,0.473,6,241747,-4.652,0.421,0,audio_features,spotify:track:6rLASbKbKCPQjB5WrkOpCx
0.743,0.103,127.809,0.0515,0.0343,0.00187,4,0.538,4,231347,-5.928,0.316,0,audio_features,spotify:track:1tBxs9BqNlBXbIxVaCBrv5
0.826,0.327,149.999,0.0533,0.000581,0.00243,4,0.446,2,258000,-8.157,0.376,1,audio_features,spotify:track:6ebAzeEAZvWJiRoUjB40Ro
0.779,0.135,123.971,0.0419,0.00644,0.000174,4,0.515,4,256000,-5.904,0.072,0,audio_features,spotify:track:7mx4a5ffaLohgtRdLS57RE
0.854,0.162,89.4,0.0483,0.000336,0.000177,4,0.433,9,277840,-3.868,0.368,1,audio_features,spotify:track:1Qdnvn4XlmZANCVy3XjrQo
0.873,0.0592,80.473,0.0613,0.000519,0.0,4,0.452,9,222027,-4.867,0.433,1,audio_features,spotify:track:1TDk2Jmi4dVZhm2dum3Jim
0.961,0.115,97.985,0.116,0.00105,0.0149,4,0.509,5,259787,-5.919,0.327,1,audio_features,spotify:track:6TMzS25keDXH4Le5WRZS86
0.628,0.107,135.903,0.031,0.00173,0.000457,3,0.292,6,290280,-5.541,0.235,0,audio_features,spotify:track:0cqkujgud4p3rTT5yJ4dz3
0.951,0.0767,130.009,0.209,0.00461,0.0,4,0.586,6,231690,-3.022,0.471,1,audio_features,spotify:track:5YVMcqVtrNuy41qRyu55ag
0.992,0.1,149.859,0.108,4.82e-05,2.03e-06,4,0.409,3,200677,-2.803,0.344,0,audio_features,spotify:track:3HhaSocKwTptze7PySNZlW
0.969,0.952,105.022,0.0817,0.00214,0.132,4,0.59,7,251560,-3.396,0.223,1,audio_features,spotify:track:77IT4xVnDLErYjtjKYUMOt
0.883,0.185,81.188,0.0855,1.21e-05,0.774,4,0.306,7,187947,-4.205,0.43,1,audio_features,spotify:track:1G6czdqgskwJ4cBgx9CDAJ
0.983,0.188,172.119,0.214,0.000209,0.00149,4,0.244,11,187081,-4.252,0.0948,1,audio_features,spotify:track:3VuSAFu0N7xqueMXoNUSgv
0.952,0.359,164.943,0.202,0.00995,0.0,4,0.276,5,197315,-4.495,0.279,1,audio_features,spotify:track:0DRhN7G5jfmZZqUyN6uy1B
0.987,0.253,147.463,0.169,4.98e-05,0.144,4,0.303,6,192437,-3.136,0.272,1,audio_features,spotify:track:6Xt6hMb6cxdZ29ULtdQIFl
0.988,0.315,168.415,0.248,2.23e-05,0.0982,4,0.268,3,203133,-2.36,0.272,0,audio_features,spotify:track:5PlA40awjSFJbfWhB1J7ZR
